<?xml version="1.0" encoding="UTF-8"?>
<beans xmlns="http://www.springframework.org/schema/beans"
       xmlns:xsi="http://www.w3.org/2001/XMLSchema-instance"
       xmlns:context="http://www.springframework.org/schema/context"
       xsi:schemaLocation="http://www.springframework.org/schema/beans
         http://www.springframework.org/schema/beans/spring-beans-3.0.xsd
         http://www.springframework.org/schema/context
         http://www.springframework.org/schema/context/spring-context-3.0.xsd
         http://www.springframework.org/schema/cache
         http://www.springframework.org/schema/cache/spring-cache.xsd">

    <context:component-scan
            base-package="eu.factorx.awac,eu.factorx.awac.controllers,eu.factorx.awac.generated,eu.factorx.awac.service,eu.factorx.awac.converter,eu.factorx.awac.util.data.importer, eu.factorx.awac.util.email"/>

    <bean id="conversionService" class="org.springframework.context.support.ConversionServiceFactoryBean">
        <property name="converters">
            <set>
                <bean class="eu.factorx.awac.converter.AccountToAccountDTOConverter"/>
                <bean class="eu.factorx.awac.converter.AccountToPersonDTOConverter"/>
                <bean class="eu.factorx.awac.converter.ProductToProductDTOConverter"/>
                <bean class="eu.factorx.awac.converter.SiteToSiteDTOConverter"/>
                <bean class="eu.factorx.awac.converter.OrganizationToOrganizationDTOConverter"/>
                <bean class="eu.factorx.awac.converter.PeriodToPeriodDTOConverter"/>
                <bean class="eu.factorx.awac.converter.ReportResultAggregationToReportDTOConverter"/>
                <bean class="eu.factorx.awac.converter.MergedReportResultAggregationToReportDTOConverter"/>
                <bean class="eu.factorx.awac.converter.AccountToLoginResultDTOConverter"/>
                <bean class="eu.factorx.awac.converter.QuestionSetToQuestionSetDTOConverter" />
				<bean class="eu.factorx.awac.converter.QuestionToQuestionDTOConverter" />
				<bean class="eu.factorx.awac.converter.QuestionAnswerToAnswerLineConverter" />
                <bean class="eu.factorx.awac.converter.FormProgressListToFormProgressListDTOConverter" />
                <bean class="eu.factorx.awac.converter.FormProgressToFormProgressDTOConverter" />
                <bean class="eu.factorx.awac.converter.NotificationToNotificationDTOConverter" />
                <bean class="eu.factorx.awac.converter.OrganizationEventToOrganizationEventDTOConverter" />
                <bean class="eu.factorx.awac.converter.ReportLogEntryToReportLogEntryDTOConverter" />
                <bean class="eu.factorx.awac.converter.SiteToListPeriodsDTOConverter" />
                <!-- admin -->
                <bean class="eu.factorx.awac.converter.admin.BADLogToBADLogDTOConverter" />
            </set>
        </property>
    </bean>

	<bean id="reportResultServiceContributions" class="eu.factorx.awac.util.spring.ContributionFactoryBean">
		<property name="expectedType" value="eu.factorx.awac.service.knowledge.activity.contributor.ActivityResultContributor"></property>
	</bean>

	<bean id="reportResultService" class="eu.factorx.awac.service.impl.ReportResultServiceImpl">
		<property name="activityResultContributors" ref="reportResultServiceContributions" />
	</bean>

    <!-- 	<bean id="entityManagerFactory" class="org.hibernate.ejb.EntityManagerFactoryImpl"> -->
    <!-- 		<constructor-arg name="persistenceUnitName" value="defaultPersistenceUnit" /> -->
    <!-- 	</bean> -->

    <!-- 	<bean id="entityManager" class="org.hibernate.ejb.EntityManagerImpl"> -->
    <!-- 		<constructor-arg name="entityManagerFactory" ref="entityManagerFactory" /> -->
    <!-- 	</bean> -->

    <!-- for ehcache JMX -->

    <!-- JMX for ehcache -->
    <bean id="managementService"
          class="net.sf.ehcache.management.ManagementService"
          init-method="init"
          destroy-method="dispose">

        <constructor-arg ref="cacheManager"/>
        <constructor-arg ref="mbeanServer"/>
        <constructor-arg index="2" value="true"/>
        <constructor-arg index="3" value="true"/>
        <constructor-arg index="4" value="true"/>
        <constructor-arg index="5" value="true"/>

    </bean>

    <bean id="cacheManager" class="org.springframework.cache.ehcache.EhCacheManagerFactoryBean">
        <property name="configLocation" value="classpath:ehcache.xml"/>
        <property name="shared" value="true"/>
    </bean>



    <bean id="mbeanServer" class="org.springframework.jmx.support.MBeanServerFactoryBean">
        <property name="locateExistingServerIfPossible" value="true"/>
    </bean>


<!--
    <bean id="passwordEncoder" class="org.springframework.security.authentication.encoding.ShaPasswordEncoder">
        <constructor-arg value="256"/>
    </bean>
-->

</beans>